{
  "product_name": "ComposeForDataWarehouses",
  "product_version": "9.9.9.999",
  "created_on": "10/16/2018 11:46:52",
  "objects": [
    {
      "id": 6,
      "path": "/",
      "name": "Orders",
      "type": "Entity",
      "creation_time": 0,
      "modification_time": 0,
      "inner_item": {
        "$type": "EntityDto",
        "time_model_entity_id": 0,
        "is_reference_entity": false,
        "id": 6,
        "name": "Orders",
        "version": 636752052535680000,
        "metadata": {
          "creation_time": 636752052535680000,
          "modification_time": 636752052535680000,
          "tags": [],
          "caller_role": "NONE"
        }
      },
      "tags": [],
      "software_version": 1
    },
    {
      "id": 1,
      "path": "/",
      "name": "settings",
      "type": "ACProjectSettings",
      "creation_time": 0,
      "modification_time": 0,
      "inner_item": {
        "$type": "ACProjectSettings",
        "from_date_col_name": "FD",
        "to_date_col_name": "TD",
        "lowest_date": "1780-01-01",
        "highest_date": "9999-12-31",
        "unknown_date": "7777-07-07",
        "unknown_string": "Unknown",
        "map_name_prefix": "Map",
        "stop_after_staging": false,
        "use_datetime2": false,
        "unknown_guid": "00000000-0000-0000-0000-000000000000",
        "unknown_number": "0",
        "unknown_byte": "0",
        "dwh_key_name": "ID",
        "naming_conv": {
          "dwh_prefix": "TDWH_",
          "hub_suffix": "_HUB",
          "sat_suffix": "_S",
          "lnk_suffix": "_L",
          "dma_prefix": "TDMA_",
          "dwh_view_prefix": "VDWH_",
          "replicate_change_table_suffix": "__ct",
          "error_mart_suffix": "__ex",
          "dma_view_prefix": "VDMA_",
          "ct_archive_suffix": "__ar"
        },
        "create_ddl_scripts_only": false,
        "ignore_data_type_check": false,
        "write_tdwm_to_db": true,
        "hide_default_workflows": false,
        "soft_delete": false,
        "name": "settings",
        "version": 636752051893890000,
        "metadata": {
          "creation_time": 636752050574090000,
          "modification_time": 636752051893890000,
          "tags": [],
          "caller_role": "NONE"
        }
      },
      "tags": [],
      "software_version": 1
    },
    {
      "id": 3,
      "path": "/",
      "name": "dwh",
      "type": "Database",
      "creation_time": 0,
      "modification_time": 0,
      "inner_item": {
        "$type": "DatabaseDto",
        "usage": "DATA_WAREHOUSE",
        "dbms": "SQL Server",
        "server_name": "localhost",
        "database_name": "shlomi_dwh1",
        "user_name": "sa",
        "password": "",
        "included_schemas": "dbo",
        "templateDatabaseType": "SQLSERVER",
        "dma_schema": "dbo",
        "original_sourcedb_id": 0,
        "has_source_definition": false,
        "landing_zone": {
          "landing_type": "DATABASE",
          "replicate_task_type": "FULL_LOAD_AND_CDC",
          "associate_with_replicate_task": false,
          "archive_settings": {
            "ct_post_processing": "DO_NOTHING"
          }
        },
        "port": 1433,
        "db_settings": {
          "$type": "SqlServerDbSettings",
          "windows_authentication": false
        },
        "multibyte_character_multiplier": 1,
        "apply_ddl_changes": false,
        "max_table_cols_single_read": 100,
        "use_long_object_names": false,
        "id": 3,
        "name": "dwh",
        "version": 636752051894000000,
        "metadata": {
          "creation_time": 636752051894000000,
          "modification_time": 636752051894000000,
          "tags": [],
          "caller_role": "NONE"
        }
      },
      "tags": [],
      "software_version": 5
    },
    {
      "id": 4,
      "path": "/",
      "name": "source",
      "type": "Database",
      "creation_time": 0,
      "modification_time": 0,
      "inner_item": {
        "$type": "DatabaseDto",
        "usage": "SOURCE",
        "server_name": "",
        "database_name": "",
        "included_schemas": "*",
        "templateDatabaseType": "SQLSERVER",
        "original_sourcedb_id": 0,
        "has_source_definition": false,
        "landing_zone": {
          "landing_type": "DATABASE",
          "db_name": "NORTHWND",
          "schema_name": "dbo",
          "replicate_task_type": "FULL_LOAD_AND_CDC",
          "error_marts_schema": "dbo",
          "associate_with_replicate_task": false,
          "archive_settings": {
            "ct_post_processing": "DELETE"
          }
        },
        "port": 1025,
        "multibyte_character_multiplier": 1,
        "apply_ddl_changes": false,
        "max_table_cols_single_read": 100,
        "use_long_object_names": false,
        "id": 4,
        "name": "source",
        "version": 636752052412950000,
        "metadata": {
          "creation_time": 636752052412950000,
          "modification_time": 636752052412950000,
          "tags": [],
          "caller_role": "NONE"
        }
      },
      "tags": [],
      "software_version": 5
    },
    {
      "id": 5,
      "path": "/",
      "name": "source_Landing",
      "type": "Database",
      "creation_time": 0,
      "modification_time": 0,
      "inner_item": {
        "$type": "DatabaseDto",
        "usage": "SOURCE",
        "dbms": "SQL Server",
        "server_name": "localhost",
        "database_name": "NORTHWND",
        "user_name": "sa",
        "password": "",
        "included_schemas": "dbo",
        "templateDatabaseType": "SQLSERVER",
        "original_sourcedb_id": 4,
        "has_source_definition": true,
        "port": 1433,
        "db_settings": {
          "$type": "SqlServerDbSettings",
          "windows_authentication": false
        },
        "multibyte_character_multiplier": 1,
        "apply_ddl_changes": false,
        "max_table_cols_single_read": 100,
        "use_long_object_names": false,
        "id": 5,
        "name": "source_Landing",
        "version": 636752052413090000,
        "metadata": {
          "creation_time": 636752052413090000,
          "modification_time": 636752052413090000,
          "tags": [],
          "caller_role": "NONE"
        }
      },
      "tags": [],
      "software_version": 5
    },
    {
      "id": 40,
      "path": "/",
      "name": "VersionControl",
      "type": "VersionControl",
      "creation_time": 0,
      "modification_time": 0,
      "inner_item": {
        "$type": "VersionControlDto",
        "type": "Git",
        "use_remote_server": true,
        "remote_url": "https://github.com/oriporat/testShlomi",
        "user_name": "ori.porat@attunity.com",
        "password": "",
        "name": "VersionControl",
        "version": 636752871778920000,
        "metadata": {
          "creation_time": 636752871778920000,
          "modification_time": 636752871778920000,
          "tags": [],
          "caller_role": "NONE"
        }
      },
      "tags": [],
      "software_version": 1
    },
    {
      "id": 7,
      "path": "/",
      "name": "OrderID",
      "type": "DomainAttribute",
      "creation_time": 0,
      "modification_time": 0,
      "inner_item": {
        "$type": "DomainAttributeDto",
        "type": "Integer",
        "length": 0,
        "scale": 0,
        "time_model_entity_id": 0,
        "is_reference_entity": false,
        "id": 7,
        "name": "OrderID",
        "version": 636752052535800000,
        "metadata": {
          "creation_time": 636752052535800000,
          "modification_time": 636752052535800000,
          "tags": [],
          "caller_role": "NONE"
        }
      },
      "tags": [],
      "software_version": 2
    },
    {
      "id": 8,
      "path": "/",
      "name": "CustomerID",
      "type": "DomainAttribute",
      "creation_time": 0,
      "modification_time": 0,
      "inner_item": {
        "$type": "DomainAttributeDto",
        "type": "Varchar",
        "length": 5,
        "scale": 0,
        "time_model_entity_id": 0,
        "is_reference_entity": false,
        "id": 8,
        "name": "CustomerID",
        "version": 636752052535880000,
        "metadata": {
          "creation_time": 636752052535880000,
          "modification_time": 636752052535880000,
          "tags": [],
          "caller_role": "NONE"
        }
      },
      "tags": [],
      "software_version": 2
    },
    {
      "id": 9,
      "path": "/",
      "name": "EmployeeID",
      "type": "DomainAttribute",
      "creation_time": 0,
      "modification_time": 0,
      "inner_item": {
        "$type": "DomainAttributeDto",
        "type": "Integer",
        "length": 0,
        "scale": 0,
        "time_model_entity_id": 0,
        "is_reference_entity": false,
        "id": 9,
        "name": "EmployeeID",
        "version": 636752052535880000,
        "metadata": {
          "creation_time": 636752052535880000,
          "modification_time": 636752052535880000,
          "tags": [],
          "caller_role": "NONE"
        }
      },
      "tags": [],
      "software_version": 2
    },
    {
      "id": 10,
      "path": "/",
      "name": "OrderDate",
      "type": "DomainAttribute",
      "creation_time": 0,
      "modification_time": 0,
      "inner_item": {
        "$type": "DomainAttributeDto",
        "type": "DateTime",
        "length": 0,
        "scale": 3,
        "time_model_entity_id": 0,
        "is_reference_entity": false,
        "id": 10,
        "name": "OrderDate",
        "version": 636752052535890000,
        "metadata": {
          "creation_time": 636752052535890000,
          "modification_time": 636752052535890000,
          "tags": [],
          "caller_role": "NONE"
        }
      },
      "tags": [],
      "software_version": 2
    },
    {
      "id": 11,
      "path": "/",
      "name": "RequiredDate",
      "type": "DomainAttribute",
      "creation_time": 0,
      "modification_time": 0,
      "inner_item": {
        "$type": "DomainAttributeDto",
        "type": "DateTime",
        "length": 0,
        "scale": 3,
        "time_model_entity_id": 0,
        "is_reference_entity": false,
        "id": 11,
        "name": "RequiredDate",
        "version": 636752052535900000,
        "metadata": {
          "creation_time": 636752052535900000,
          "modification_time": 636752052535900000,
          "tags": [],
          "caller_role": "NONE"
        }
      },
      "tags": [],
      "software_version": 2
    },
    {
      "id": 12,
      "path": "/",
      "name": "ShippedDate",
      "type": "DomainAttribute",
      "creation_time": 0,
      "modification_time": 0,
      "inner_item": {
        "$type": "DomainAttributeDto",
        "type": "DateTime",
        "length": 0,
        "scale": 3,
        "time_model_entity_id": 0,
        "is_reference_entity": false,
        "id": 12,
        "name": "ShippedDate",
        "version": 636752052535910000,
        "metadata": {
          "creation_time": 636752052535910000,
          "modification_time": 636752052535910000,
          "tags": [],
          "caller_role": "NONE"
        }
      },
      "tags": [],
      "software_version": 2
    },
    {
      "id": 13,
      "path": "/",
      "name": "ShipVia",
      "type": "DomainAttribute",
      "creation_time": 0,
      "modification_time": 0,
      "inner_item": {
        "$type": "DomainAttributeDto",
        "type": "Integer",
        "length": 0,
        "scale": 0,
        "time_model_entity_id": 0,
        "is_reference_entity": false,
        "id": 13,
        "name": "ShipVia",
        "version": 636752052535910000,
        "metadata": {
          "creation_time": 636752052535910000,
          "modification_time": 636752052535910000,
          "tags": [],
          "caller_role": "NONE"
        }
      },
      "tags": [],
      "software_version": 2
    },
    {
      "id": 14,
      "path": "/",
      "name": "Freight",
      "type": "DomainAttribute",
      "creation_time": 0,
      "modification_time": 0,
      "inner_item": {
        "$type": "DomainAttributeDto",
        "type": "Decimal",
        "length": 20,
        "scale": 4,
        "time_model_entity_id": 0,
        "is_reference_entity": false,
        "id": 14,
        "name": "Freight",
        "version": 636752052535920000,
        "metadata": {
          "creation_time": 636752052535920000,
          "modification_time": 636752052535920000,
          "tags": [],
          "caller_role": "NONE"
        }
      },
      "tags": [],
      "software_version": 2
    },
    {
      "id": 15,
      "path": "/",
      "name": "ShipName",
      "type": "DomainAttribute",
      "creation_time": 0,
      "modification_time": 0,
      "inner_item": {
        "$type": "DomainAttributeDto",
        "type": "Varchar",
        "length": 40,
        "scale": 0,
        "time_model_entity_id": 0,
        "is_reference_entity": false,
        "id": 15,
        "name": "ShipName",
        "version": 636752052535930000,
        "metadata": {
          "creation_time": 636752052535930000,
          "modification_time": 636752052535930000,
          "tags": [],
          "caller_role": "NONE"
        }
      },
      "tags": [],
      "software_version": 2
    },
    {
      "id": 16,
      "path": "/",
      "name": "ShipAddress",
      "type": "DomainAttribute",
      "creation_time": 0,
      "modification_time": 0,
      "inner_item": {
        "$type": "DomainAttributeDto",
        "type": "Varchar",
        "length": 60,
        "scale": 0,
        "time_model_entity_id": 0,
        "is_reference_entity": false,
        "id": 16,
        "name": "ShipAddress",
        "version": 636752052535930000,
        "metadata": {
          "creation_time": 636752052535930000,
          "modification_time": 636752052535930000,
          "tags": [],
          "caller_role": "NONE"
        }
      },
      "tags": [],
      "software_version": 2
    },
    {
      "id": 17,
      "path": "/",
      "name": "ShipCity",
      "type": "DomainAttribute",
      "creation_time": 0,
      "modification_time": 0,
      "inner_item": {
        "$type": "DomainAttributeDto",
        "type": "Varchar",
        "length": 15,
        "scale": 0,
        "time_model_entity_id": 0,
        "is_reference_entity": false,
        "id": 17,
        "name": "ShipCity",
        "version": 636752052535940000,
        "metadata": {
          "creation_time": 636752052535940000,
          "modification_time": 636752052535940000,
          "tags": [],
          "caller_role": "NONE"
        }
      },
      "tags": [],
      "software_version": 2
    },
    {
      "id": 18,
      "path": "/",
      "name": "ShipRegion",
      "type": "DomainAttribute",
      "creation_time": 0,
      "modification_time": 0,
      "inner_item": {
        "$type": "DomainAttributeDto",
        "type": "Varchar",
        "length": 15,
        "scale": 0,
        "time_model_entity_id": 0,
        "is_reference_entity": false,
        "id": 18,
        "name": "ShipRegion",
        "version": 636752052535950000,
        "metadata": {
          "creation_time": 636752052535950000,
          "modification_time": 636752052535950000,
          "tags": [],
          "caller_role": "NONE"
        }
      },
      "tags": [],
      "software_version": 2
    },
    {
      "id": 19,
      "path": "/",
      "name": "ShipPostalCode",
      "type": "DomainAttribute",
      "creation_time": 0,
      "modification_time": 0,
      "inner_item": {
        "$type": "DomainAttributeDto",
        "type": "Varchar",
        "length": 10,
        "scale": 0,
        "time_model_entity_id": 0,
        "is_reference_entity": false,
        "id": 19,
        "name": "ShipPostalCode",
        "version": 636752052535950000,
        "metadata": {
          "creation_time": 636752052535950000,
          "modification_time": 636752052535950000,
          "tags": [],
          "caller_role": "NONE"
        }
      },
      "tags": [],
      "software_version": 2
    },
    {
      "id": 20,
      "path": "/",
      "name": "ShipCountry",
      "type": "DomainAttribute",
      "creation_time": 0,
      "modification_time": 0,
      "inner_item": {
        "$type": "DomainAttributeDto",
        "type": "Varchar",
        "length": 15,
        "scale": 0,
        "time_model_entity_id": 0,
        "is_reference_entity": false,
        "id": 20,
        "name": "ShipCountry",
        "version": 636752052535960000,
        "metadata": {
          "creation_time": 636752052535960000,
          "modification_time": 636752052535960000,
          "tags": [],
          "caller_role": "NONE"
        }
      },
      "tags": [],
      "software_version": 2
    },
    {
      "id": 38,
      "path": "/",
      "name": "Default Workflow",
      "type": "FlowDto",
      "creation_time": 0,
      "modification_time": 0,
      "inner_item": {
        "$type": "FlowDto",
        "flow_type": "SIMPLE",
        "lane_sets": [],
        "flow_nodes": {
          "start": {
            "$type": "StartNode",
            "incoming": [],
            "outgoing": [
              {
                "directive": {
                  "target_node_id": "source",
                  "target_port_id": "inport"
                },
                "id": "outport"
              }
            ],
            "display_name": "START",
            "id": "start"
          },
          "end": {
            "$type": "EndNode",
            "error_policy": {
              "termination_mode": "STOP_AFTER_RUNNING_ACTIVITIES"
            },
            "incoming": [
              {
                "id": "inport_1"
              }
            ],
            "outgoing": [],
            "display_name": "END",
            "id": "end"
          },
          "source": {
            "$type": "ExecutionActivity",
            "executor_input": {
              "$type": "EtlCommandExecutionData",
              "project_name": "sql",
              "etl_id": 35,
              "id": 0,
              "name": "source",
              "version": 0
            },
            "timeout_sec": 300,
            "incoming": [
              {
                "id": "inport"
              }
            ],
            "outgoing": [
              {
                "directive": {
                  "target_node_id": "end",
                  "target_port_id": "inport_1"
                },
                "id": "outport"
              }
            ],
            "display_name": "source",
            "id": "source"
          }
        },
        "resumable": true,
        "max_instances": 1,
        "is_template": true,
        "name": "Default Workflow",
        "version": 636752060697920000,
        "metadata": {
          "creation_time": 636752053748430000,
          "modification_time": 636752060697920000,
          "tags": [],
          "caller_role": "NONE"
        }
      },
      "tags": [],
      "software_version": 1
    },
    {
      "id": 39,
      "path": "/",
      "name": "Default CDC Workflow",
      "type": "FlowDto",
      "creation_time": 0,
      "modification_time": 0,
      "inner_item": {
        "$type": "FlowDto",
        "flow_type": "SIMPLE",
        "lane_sets": [],
        "flow_nodes": {
          "start": {
            "$type": "StartNode",
            "incoming": [],
            "outgoing": [
              {
                "directive": {
                  "target_node_id": "source_cdc",
                  "target_port_id": "inport"
                },
                "id": "outport"
              }
            ],
            "display_name": "START",
            "id": "start"
          },
          "end": {
            "$type": "EndNode",
            "error_policy": {
              "termination_mode": "STOP_AFTER_RUNNING_ACTIVITIES"
            },
            "incoming": [
              {
                "id": "inport_1"
              }
            ],
            "outgoing": [],
            "display_name": "END",
            "id": "end"
          },
          "source_cdc": {
            "$type": "ExecutionActivity",
            "executor_input": {
              "$type": "EtlCommandExecutionData",
              "project_name": "sql",
              "etl_id": 36,
              "id": 0,
              "name": "source_CDC",
              "version": 0
            },
            "timeout_sec": 300,
            "incoming": [
              {
                "id": "inport"
              }
            ],
            "outgoing": [
              {
                "directive": {
                  "target_node_id": "end",
                  "target_port_id": "inport_1"
                },
                "id": "outport"
              }
            ],
            "display_name": "source_CDC",
            "id": "source_cdc"
          }
        },
        "resumable": true,
        "max_instances": 1,
        "is_template": true,
        "name": "Default CDC Workflow",
        "version": 636752060697930000,
        "metadata": {
          "creation_time": 636752060697930000,
          "modification_time": 636752060697930000,
          "tags": [],
          "caller_role": "NONE"
        }
      },
      "tags": [],
      "software_version": 1
    },
    {
      "id": 2,
      "path": "/",
      "name": "sql",
      "type": "ExecutionServiceDto",
      "creation_time": 0,
      "modification_time": 0,
      "inner_item": {
        "$type": "ExecutionServiceDto",
        "max_runtime_instances_to_keep": 100,
        "name": "sql",
        "version": 636752866967580000,
        "metadata": {
          "creation_time": 636752050574280000,
          "modification_time": 636752866967580000,
          "tags": [],
          "caller_role": "NONE"
        }
      },
      "tags": [],
      "software_version": 1
    },
    {
      "id": 21,
      "path": "/",
      "name": "ba2261f5-a7f3-439f-9c16-7778f6e9f0dd",
      "type": "TableColumn",
      "creation_time": 0,
      "modification_time": 0,
      "inner_item": {
        "$type": "TableColumnDto",
        "poe": 6,
        "pbe": 7,
        "prefix": "",
        "is_primary": true,
        "history_type": "N",
        "block": 0,
        "ordinal": 100,
        "time_model_role_id": 0,
        "id": 21,
        "name": "ba2261f5-a7f3-439f-9c16-7778f6e9f0dd",
        "version": 636752052536240000,
        "metadata": {
          "creation_time": 636752052536240000,
          "modification_time": 636752052536240000,
          "tags": [],
          "caller_role": "NONE"
        }
      },
      "tags": [],
      "software_version": 1
    },
    {
      "id": 22,
      "path": "/",
      "name": "084fa536-006f-4235-aed4-cd8d75e64855",
      "type": "TableColumn",
      "creation_time": 0,
      "modification_time": 0,
      "inner_item": {
        "$type": "TableColumnDto",
        "poe": 6,
        "pbe": 8,
        "prefix": "",
        "is_primary": false,
        "history_type": "N",
        "block": 0,
        "ordinal": 200,
        "time_model_role_id": 0,
        "id": 22,
        "name": "084fa536-006f-4235-aed4-cd8d75e64855",
        "version": 636752052537070000,
        "metadata": {
          "creation_time": 636752052537070000,
          "modification_time": 636752052537070000,
          "tags": [],
          "caller_role": "NONE"
        }
      },
      "tags": [],
      "software_version": 1
    },
    {
      "id": 23,
      "path": "/",
      "name": "56934b76-16ee-4fa1-b30d-2ede6d650c47",
      "type": "TableColumn",
      "creation_time": 0,
      "modification_time": 0,
      "inner_item": {
        "$type": "TableColumnDto",
        "poe": 6,
        "pbe": 9,
        "prefix": "",
        "is_primary": false,
        "history_type": "N",
        "block": 0,
        "ordinal": 300,
        "time_model_role_id": 0,
        "id": 23,
        "name": "56934b76-16ee-4fa1-b30d-2ede6d650c47",
        "version": 636752052537070000,
        "metadata": {
          "creation_time": 636752052537070000,
          "modification_time": 636752052537070000,
          "tags": [],
          "caller_role": "NONE"
        }
      },
      "tags": [],
      "software_version": 1
    },
    {
      "id": 24,
      "path": "/",
      "name": "0b069adb-36cf-4819-a270-8a17b6829988",
      "type": "TableColumn",
      "creation_time": 0,
      "modification_time": 0,
      "inner_item": {
        "$type": "TableColumnDto",
        "poe": 6,
        "pbe": 10,
        "prefix": "",
        "is_primary": false,
        "history_type": "N",
        "block": 0,
        "ordinal": 400,
        "time_model_role_id": 0,
        "id": 24,
        "name": "0b069adb-36cf-4819-a270-8a17b6829988",
        "version": 636752052537070000,
        "metadata": {
          "creation_time": 636752052537070000,
          "modification_time": 636752052537070000,
          "tags": [],
          "caller_role": "NONE"
        }
      },
      "tags": [],
      "software_version": 1
    },
    {
      "id": 25,
      "path": "/",
      "name": "91e3ec37-e6d4-4499-bf74-1c3a5228a077",
      "type": "TableColumn",
      "creation_time": 0,
      "modification_time": 0,
      "inner_item": {
        "$type": "TableColumnDto",
        "poe": 6,
        "pbe": 11,
        "prefix": "",
        "is_primary": false,
        "history_type": "N",
        "block": 0,
        "ordinal": 500,
        "time_model_role_id": 0,
        "id": 25,
        "name": "91e3ec37-e6d4-4499-bf74-1c3a5228a077",
        "version": 636752052537070000,
        "metadata": {
          "creation_time": 636752052537070000,
          "modification_time": 636752052537070000,
          "tags": [],
          "caller_role": "NONE"
        }
      },
      "tags": [],
      "software_version": 1
    },
    {
      "id": 26,
      "path": "/",
      "name": "0c4022d4-084b-438c-b4d6-4044e89dedf9",
      "type": "TableColumn",
      "creation_time": 0,
      "modification_time": 0,
      "inner_item": {
        "$type": "TableColumnDto",
        "poe": 6,
        "pbe": 12,
        "prefix": "",
        "is_primary": false,
        "history_type": "N",
        "block": 0,
        "ordinal": 600,
        "time_model_role_id": 0,
        "id": 26,
        "name": "0c4022d4-084b-438c-b4d6-4044e89dedf9",
        "version": 636752052537070000,
        "metadata": {
          "creation_time": 636752052537070000,
          "modification_time": 636752052537070000,
          "tags": [],
          "caller_role": "NONE"
        }
      },
      "tags": [],
      "software_version": 1
    },
    {
      "id": 27,
      "path": "/",
      "name": "2caf4eb3-65cd-45a5-9f2c-ad986617b142",
      "type": "TableColumn",
      "creation_time": 0,
      "modification_time": 0,
      "inner_item": {
        "$type": "TableColumnDto",
        "poe": 6,
        "pbe": 13,
        "prefix": "",
        "is_primary": false,
        "history_type": "N",
        "block": 0,
        "ordinal": 700,
        "time_model_role_id": 0,
        "id": 27,
        "name": "2caf4eb3-65cd-45a5-9f2c-ad986617b142",
        "version": 636752052537070000,
        "metadata": {
          "creation_time": 636752052537070000,
          "modification_time": 636752052537070000,
          "tags": [],
          "caller_role": "NONE"
        }
      },
      "tags": [],
      "software_version": 1
    },
    {
      "id": 28,
      "path": "/",
      "name": "ef2228c8-ba6f-4f1f-8281-d2c891807408",
      "type": "TableColumn",
      "creation_time": 0,
      "modification_time": 0,
      "inner_item": {
        "$type": "TableColumnDto",
        "poe": 6,
        "pbe": 14,
        "prefix": "",
        "is_primary": false,
        "history_type": "N",
        "block": 0,
        "ordinal": 800,
        "time_model_role_id": 0,
        "id": 28,
        "name": "ef2228c8-ba6f-4f1f-8281-d2c891807408",
        "version": 636752052537070000,
        "metadata": {
          "creation_time": 636752052537070000,
          "modification_time": 636752052537070000,
          "tags": [],
          "caller_role": "NONE"
        }
      },
      "tags": [],
      "software_version": 1
    },
    {
      "id": 29,
      "path": "/",
      "name": "624b004e-135c-4449-a524-afcb2e0b4b76",
      "type": "TableColumn",
      "creation_time": 0,
      "modification_time": 0,
      "inner_item": {
        "$type": "TableColumnDto",
        "poe": 6,
        "pbe": 15,
        "prefix": "",
        "is_primary": false,
        "history_type": "N",
        "block": 0,
        "ordinal": 900,
        "time_model_role_id": 0,
        "id": 29,
        "name": "624b004e-135c-4449-a524-afcb2e0b4b76",
        "version": 636752052537070000,
        "metadata": {
          "creation_time": 636752052537070000,
          "modification_time": 636752052537070000,
          "tags": [],
          "caller_role": "NONE"
        }
      },
      "tags": [],
      "software_version": 1
    },
    {
      "id": 30,
      "path": "/",
      "name": "0c2cc565-cb22-40a7-9ebd-23f875d3b7b5",
      "type": "TableColumn",
      "creation_time": 0,
      "modification_time": 0,
      "inner_item": {
        "$type": "TableColumnDto",
        "poe": 6,
        "pbe": 16,
        "prefix": "",
        "is_primary": false,
        "history_type": "N",
        "block": 0,
        "ordinal": 1000,
        "time_model_role_id": 0,
        "id": 30,
        "name": "0c2cc565-cb22-40a7-9ebd-23f875d3b7b5",
        "version": 636752052537070000,
        "metadata": {
          "creation_time": 636752052537070000,
          "modification_time": 636752052537070000,
          "tags": [],
          "caller_role": "NONE"
        }
      },
      "tags": [],
      "software_version": 1
    },
    {
      "id": 31,
      "path": "/",
      "name": "bdbba9e4-5e49-4207-94e3-7920a5b4a8b1",
      "type": "TableColumn",
      "creation_time": 0,
      "modification_time": 0,
      "inner_item": {
        "$type": "TableColumnDto",
        "poe": 6,
        "pbe": 17,
        "prefix": "",
        "is_primary": false,
        "history_type": "N",
        "block": 0,
        "ordinal": 1100,
        "time_model_role_id": 0,
        "id": 31,
        "name": "bdbba9e4-5e49-4207-94e3-7920a5b4a8b1",
        "version": 636752052537070000,
        "metadata": {
          "creation_time": 636752052537070000,
          "modification_time": 636752052537070000,
          "tags": [],
          "caller_role": "NONE"
        }
      },
      "tags": [],
      "software_version": 1
    },
    {
      "id": 32,
      "path": "/",
      "name": "e970be07-f8c2-4f4a-b53e-92e2d985ef2b",
      "type": "TableColumn",
      "creation_time": 0,
      "modification_time": 0,
      "inner_item": {
        "$type": "TableColumnDto",
        "poe": 6,
        "pbe": 18,
        "prefix": "",
        "is_primary": false,
        "history_type": "N",
        "block": 0,
        "ordinal": 1200,
        "time_model_role_id": 0,
        "id": 32,
        "name": "e970be07-f8c2-4f4a-b53e-92e2d985ef2b",
        "version": 636752052537070000,
        "metadata": {
          "creation_time": 636752052537070000,
          "modification_time": 636752052537070000,
          "tags": [],
          "caller_role": "NONE"
        }
      },
      "tags": [],
      "software_version": 1
    },
    {
      "id": 33,
      "path": "/",
      "name": "0d343f2f-a485-4163-8fa7-6336a2af4aab",
      "type": "TableColumn",
      "creation_time": 0,
      "modification_time": 0,
      "inner_item": {
        "$type": "TableColumnDto",
        "poe": 6,
        "pbe": 19,
        "prefix": "",
        "is_primary": false,
        "history_type": "N",
        "block": 0,
        "ordinal": 1300,
        "time_model_role_id": 0,
        "id": 33,
        "name": "0d343f2f-a485-4163-8fa7-6336a2af4aab",
        "version": 636752052537070000,
        "metadata": {
          "creation_time": 636752052537070000,
          "modification_time": 636752052537070000,
          "tags": [],
          "caller_role": "NONE"
        }
      },
      "tags": [],
      "software_version": 1
    },
    {
      "id": 34,
      "path": "/",
      "name": "4ed00cf3-be05-4cf7-9033-4ddf5067fcba",
      "type": "TableColumn",
      "creation_time": 0,
      "modification_time": 0,
      "inner_item": {
        "$type": "TableColumnDto",
        "poe": 6,
        "pbe": 20,
        "prefix": "",
        "is_primary": false,
        "history_type": "N",
        "block": 0,
        "ordinal": 1400,
        "time_model_role_id": 0,
        "id": 34,
        "name": "4ed00cf3-be05-4cf7-9033-4ddf5067fcba",
        "version": 636752052537070000,
        "metadata": {
          "creation_time": 636752052537070000,
          "modification_time": 636752052537070000,
          "tags": [],
          "caller_role": "NONE"
        }
      },
      "tags": [],
      "software_version": 1
    },
    {
      "id": 37,
      "path": "/",
      "name": "Map_Orders_source",
      "type": "Mapping",
      "creation_time": 0,
      "modification_time": 0,
      "inner_item": {
        "$type": "MappingDto",
        "entity_id": 6,
        "is_active_mapping_pi": false,
        "schema": "dbo",
        "database_id": 5,
        "table_name": "Orders",
        "mapping_type": "TABLE",
        "is_aggregated": false,
        "mapping_fields": [
          {
            "mapping_type": "DIRECT",
            "source_col_name": "OrderID",
            "staging_col_name_int": "COLID_21_7"
          },
          {
            "mapping_type": "DIRECT",
            "source_col_name": "CustomerID",
            "staging_col_name_int": "COLID_22_8"
          },
          {
            "mapping_type": "DIRECT",
            "source_col_name": "EmployeeID",
            "staging_col_name_int": "COLID_23_9"
          },
          {
            "mapping_type": "DIRECT",
            "source_col_name": "OrderDate",
            "staging_col_name_int": "COLID_24_10"
          },
          {
            "mapping_type": "DIRECT",
            "source_col_name": "RequiredDate",
            "staging_col_name_int": "COLID_25_11"
          },
          {
            "mapping_type": "DIRECT",
            "source_col_name": "ShippedDate",
            "staging_col_name_int": "COLID_26_12"
          },
          {
            "mapping_type": "DIRECT",
            "source_col_name": "ShipVia",
            "staging_col_name_int": "COLID_27_13"
          },
          {
            "mapping_type": "DIRECT",
            "source_col_name": "Freight",
            "staging_col_name_int": "COLID_28_14"
          },
          {
            "mapping_type": "DIRECT",
            "source_col_name": "ShipName",
            "staging_col_name_int": "COLID_29_15"
          },
          {
            "mapping_type": "DIRECT",
            "source_col_name": "ShipAddress",
            "staging_col_name_int": "COLID_30_16"
          },
          {
            "mapping_type": "DIRECT",
            "source_col_name": "ShipCity",
            "staging_col_name_int": "COLID_31_17"
          },
          {
            "mapping_type": "DIRECT",
            "source_col_name": "ShipRegion",
            "staging_col_name_int": "COLID_32_18"
          },
          {
            "mapping_type": "DIRECT",
            "source_col_name": "ShipPostalCode",
            "staging_col_name_int": "COLID_33_19"
          },
          {
            "mapping_type": "DIRECT",
            "source_col_name": "ShipCountry",
            "staging_col_name_int": "COLID_34_20"
          }
        ],
        "mapping_query": "",
        "data_quality_rules": [
          {
            "action": "REJECT_AND_REPORT",
            "type": "EXPRESSION",
            "name": "Business Keys cannot be NULL",
            "enabled": false,
            "order": 0,
            "is_internal": true
          }
        ],
        "cleansing_rules": [],
        "null_behaviour": "USE_ETL_SETTING",
        "id": 37,
        "name": "Map_Orders_source",
        "version": 636752052540080000,
        "metadata": {
          "creation_time": 636752052539110000,
          "modification_time": 636752052540080000,
          "tags": [],
          "caller_role": "NONE"
        }
      },
      "tags": [],
      "software_version": 2
    },
    {
      "id": 35,
      "path": "/",
      "name": "source",
      "type": "ETLInfo",
      "creation_time": 0,
      "modification_time": 0,
      "inner_item": {
        "$type": "ETLInfoDto",
        "data": {
          "seqr_processing": false,
          "FULLREBUILD": false,
          "SELOFRUNS": 0,
          "EMPTYRUNNRSTABLE": true,
          "INSERTRUNNRSTABLE": true,
          "MAXCDC_COLUMNS": 10,
          "SPLITRELSANDATTS": false,
          "STOPAFTERSTAGING": false,
          "PARAM_RUNNR": "1",
          "dm_cohorts": [],
          "engine_settings": {
            "thread_connection_settings": {
              "thread_pool_size": 10,
              "thread_pool_max": 18,
              "thread_queue_max": 10000,
              "thread_timeout": 3000
            },
            "database_connection_settings": {
              "db_pool_size": 200,
              "db_reap_interval": 30000,
              "db_lease_timeout": 60000,
              "print_db_leases": false
            },
            "engine_logging_settings": {
              "log_level": "INFO",
              "log_file": "$project-path$\\$task-name$\\$task-name$_Log.log",
              "log_file_timestamp": true,
              "log_console": true,
              "log_stack_trace": false,
              "log_jdbc_driver_output": false,
              "log_mapping_fields": false,
              "log_mapping_values": false,
              "log_sync_provider_output": false,
              "log_prep_statmt_bindings": false,
              "log_dbms_leasing": false,
              "log_table_contents": false,
              "log_sql_monitor_output": false,
              "log_param_substitution": false,
              "log_mop_ids": false,
              "log_java_env": false,
              "log_mopping_state": false,
              "log_table_cache_rows": 20,
              "print_final_log": false,
              "print_dbms_info": false,
              "create_missing_tables": false
            },
            "mopping_thread_settings": {
              "mop_direct_write": false,
              "mop_thread_pool_size": 18,
              "mop_thread_pool_max": 18,
              "mop_thread_queue_max": 2500,
              "mop_thread_timeout": 3000,
              "mop_write_queue_max": 100,
              "mop_no_id_ledelins": true,
              "mop_without_write": false
            },
            "general_settings": {
              "java_mem": "-Xms1024M -Xmx4096M",
              "stt_date": "NOW",
              "up_ddate": "NOW",
              "tgt_os": "MSWL",
              "tgt_sh": "cmd",
              "validate_data_types": false,
              "validate_only": false,
              "fetch_size": 1000,
              "batch_max_rows": 20,
              "nr_of_committed_rows": 10000,
              "parameter_worm": true,
              "instruction_delay": false,
              "memory_reaper": false,
              "ORACLE_DATADIRECT": false,
              "ORACLE_TNSNAMES": "",
              "SQLSERVER_DATADIRECT": false,
              "SQLSERVER_DRIVER_1_1": true,
              "JTDS": false,
              "DB2_DATADIRECT": false,
              "encrypted_password": true,
              "change_processing_by_query": false
            },
            "advanced_settings": {
              "retain_stg_tables": false,
              "retain_imt_tables": false,
              "imt_tables_volatile": false,
              "write_etl_cmnds_to_db": false
            },
            "spark_settings": {
              "properties": {}
            }
          },
          "workflow_position": 1,
          "dwh_full_load": false,
          "dm_enable_table_logging": false,
          "allow_updating_to_null": false,
          "do_not_create_indexes": false,
          "CDC__delay": 0
        },
        "active_mappings": [
          37
        ],
        "entity_action": [],
        "etl_type": "DataWarehouse",
        "active_custom_etls": [],
        "id": 35,
        "name": "source",
        "version": 636752053739530000,
        "metadata": {
          "creation_time": 636752052537730000,
          "modification_time": 636752053739530000,
          "tags": [],
          "caller_role": "NONE"
        }
      },
      "tags": [],
      "software_version": 1
    },
    {
      "id": 36,
      "path": "/",
      "name": "source_CDC",
      "type": "ETLInfo",
      "creation_time": 0,
      "modification_time": 0,
      "inner_item": {
        "$type": "ETLInfoDto",
        "data": {
          "seqr_processing": false,
          "FULLREBUILD": false,
          "SELOFRUNS": 0,
          "EMPTYRUNNRSTABLE": true,
          "INSERTRUNNRSTABLE": true,
          "MAXCDC_COLUMNS": 10,
          "SPLITRELSANDATTS": false,
          "STOPAFTERSTAGING": false,
          "PARAM_RUNNR": "1",
          "dm_cohorts": [],
          "engine_settings": {
            "thread_connection_settings": {
              "thread_pool_size": 10,
              "thread_pool_max": 18,
              "thread_queue_max": 10000,
              "thread_timeout": 3000
            },
            "database_connection_settings": {
              "db_pool_size": 200,
              "db_reap_interval": 30000,
              "db_lease_timeout": 60000,
              "print_db_leases": false
            },
            "engine_logging_settings": {
              "log_level": "INFO",
              "log_file": "$project-path$\\$task-name$\\$task-name$_Log.log",
              "log_file_timestamp": true,
              "log_console": true,
              "log_stack_trace": false,
              "log_jdbc_driver_output": false,
              "log_mapping_fields": false,
              "log_mapping_values": false,
              "log_sync_provider_output": false,
              "log_prep_statmt_bindings": false,
              "log_dbms_leasing": false,
              "log_table_contents": false,
              "log_sql_monitor_output": false,
              "log_param_substitution": false,
              "log_mop_ids": false,
              "log_java_env": false,
              "log_mopping_state": false,
              "log_table_cache_rows": 20,
              "print_final_log": false,
              "print_dbms_info": false,
              "create_missing_tables": false
            },
            "mopping_thread_settings": {
              "mop_direct_write": false,
              "mop_thread_pool_size": 18,
              "mop_thread_pool_max": 18,
              "mop_thread_queue_max": 2500,
              "mop_thread_timeout": 3000,
              "mop_write_queue_max": 100,
              "mop_no_id_ledelins": true,
              "mop_without_write": false
            },
            "general_settings": {
              "java_mem": "-Xms1024M -Xmx4096M",
              "stt_date": "NOW",
              "up_ddate": "NOW",
              "tgt_os": "MSWL",
              "tgt_sh": "cmd",
              "validate_data_types": false,
              "validate_only": false,
              "fetch_size": 1000,
              "batch_max_rows": 20,
              "nr_of_committed_rows": 10000,
              "parameter_worm": true,
              "instruction_delay": false,
              "memory_reaper": false,
              "ORACLE_DATADIRECT": false,
              "ORACLE_TNSNAMES": "",
              "SQLSERVER_DATADIRECT": false,
              "SQLSERVER_DRIVER_1_1": true,
              "JTDS": false,
              "DB2_DATADIRECT": false,
              "encrypted_password": true,
              "change_processing_by_query": false
            },
            "advanced_settings": {
              "retain_stg_tables": false,
              "retain_imt_tables": false,
              "imt_tables_volatile": false,
              "write_etl_cmnds_to_db": false
            },
            "spark_settings": {
              "properties": {}
            }
          },
          "workflow_position": 1,
          "dwh_full_load": false,
          "dm_enable_table_logging": false,
          "allow_updating_to_null": false,
          "do_not_create_indexes": false,
          "CDC__delay": 0
        },
        "active_mappings": [
          37
        ],
        "entity_action": [
          {
            "handle_duplicates": true,
            "ext_load": false,
            "entity_id": 6
          }
        ],
        "etl_type": "DataWarehouse_CDC",
        "active_custom_etls": [],
        "id": 36,
        "name": "source_CDC",
        "version": 636752060689780000,
        "metadata": {
          "creation_time": 636752052538870000,
          "modification_time": 636752060689780000,
          "tags": [],
          "caller_role": "NONE"
        }
      },
      "tags": [],
      "software_version": 1
    }
  ]
}